{
  "status": "Model Ready",
  "timestamp": "2026-04-02T21:26:13.992533",
  "classes": [
    "ham",
    "spam"
  ],
  "evaluation": {
    "ham": {
      "precision": 0.7272727272727273,
      "recall": 0.8888888888888888,
      "f1-score": 0.8,
      "support": 9.0
    },
    "spam": {
      "precision": 0.9285714285714286,
      "recall": 0.8125,
      "f1-score": 0.8666666666666667,
      "support": 16.0
    },
    "accuracy": 0.84,
    "macro avg": {
      "precision": 0.827922077922078,
      "recall": 0.8506944444444444,
      "f1-score": 0.8333333333333334,
      "support": 25.0
    },
    "weighted avg": {
      "precision": 0.8561038961038961,
      "recall": 0.84,
      "f1-score": 0.8426666666666667,
      "support": 25.0
    }
  }
}